{"cameraMode":{"drawMode":0,"name":"Shaded","section":"Shading Mode"},"sceneLighting":true,"audioPlay":false,"sceneViewState":{"m_AlwaysRefresh":false,"showFog":true,"showSkybox":true,"showFlares":true,"showImageEffects":true,"showParticleSystems":true,"showVisualEffectGraphs":true,"m_FxEnabled":true},"in2DMode":false,"pivot":{"x":10.255940437316895,"y":1.8329999446868897,"z":-15.033133506774903},"rotation":{"x":-0.22925838828086854,"y":0.35577356815338137,"z":-0.09041490405797959,"w":-0.9015271663665772},"size":0.000016797937860246748,"orthographic":false}